Bank,Avg_ROE,Earnings_Volatility,Avg_Efficiency
JPMC,0.14060000,9812.382809907249,0.56394286
WF,0.09031429,6216.332536478533,0.43387143
